{
  "p_l": {
    "company": "CarePath Digital",
    "year": 2026,
    "revenue": 14461163.75431409,
    "cogs": 11831101.908450648,
    "opex": 604013.4195842347,
    "gross_profit": 2630061.845863441,
    "ebitda": 2026048.4262792063,
    "net_income": 1600578.256760573
  },
  "balance_sheet": {
    "company": "CarePath Digital",
    "year": 2026,
    "assets": 27231154.854341917,
    "liabilities": 18787062.960524186,
    "equity": 8444091.89381773
  }
}