{
  "p_l": {
    "company": "CloudSync Pro",
    "year": 2024,
    "revenue": 40064377.54771524,
    "cogs": 13801943.799466992,
    "opex": 6946133.367549618,
    "gross_profit": 26262433.74824825,
    "ebitda": 19316300.380698632,
    "net_income": 15259877.30075192
  },
  "balance_sheet": {
    "company": "CloudSync Pro",
    "year": 2024,
    "assets": 38145226.58601139,
    "liabilities": 2528881.677591322,
    "equity": 35616344.90842006
  }
}