{
  "p_l": {
    "company": "CloudSync Pro",
    "year": 2026,
    "revenue": 47768621.59255876,
    "cogs": 6848052.441658658,
    "opex": 4139360.508708746,
    "gross_profit": 40920569.150900096,
    "ebitda": 36781208.64219135,
    "net_income": 29057154.827331167
  },
  "balance_sheet": {
    "company": "CloudSync Pro",
    "year": 2026,
    "assets": 34136652.844098955,
    "liabilities": 6990944.317151003,
    "equity": 27145708.526947953
  }
}