{
  "p_l": {
    "company": "DataFlow Analytics",
    "year": 2026,
    "revenue": 41906222.786137976,
    "cogs": 8307864.010562505,
    "opex": 7417242.130283599,
    "gross_profit": 33598358.775575474,
    "ebitda": 26181116.645291876,
    "net_income": 20683082.149780583
  },
  "balance_sheet": {
    "company": "DataFlow Analytics",
    "year": 2026,
    "assets": 99070716.33519033,
    "liabilities": 16779356.566303063,
    "equity": 82291359.76888727
  }
}