{
  "p_l": {
    "company": "DataFlow Analytics",
    "year": 2025,
    "revenue": 13465611.125446849,
    "cogs": 2317707.4974870468,
    "opex": 6264755.628372577,
    "gross_profit": 11147903.627959803,
    "ebitda": 4883147.999587226,
    "net_income": 3857686.9196739085
  },
  "balance_sheet": {
    "company": "DataFlow Analytics",
    "year": 2025,
    "assets": 98636959.25575887,
    "liabilities": 13366044.94123305,
    "equity": 85270914.31452581
  }
}