{
  "p_l": {
    "company": "HealthCare Analytics",
    "year": 2025,
    "revenue": 41547135.441587366,
    "cogs": 13231223.441517102,
    "opex": 834176.0530482606,
    "gross_profit": 28315912.000070266,
    "ebitda": 27481735.947022006,
    "net_income": 21710571.398147386
  },
  "balance_sheet": {
    "company": "HealthCare Analytics",
    "year": 2025,
    "assets": 89997844.6300889,
    "liabilities": 14456172.06385462,
    "equity": 75541672.56623428
  }
}