{
  "p_l": {
    "company": "HealthCare Analytics",
    "year": 2024,
    "revenue": 44299227.63225204,
    "cogs": 13918767.310873892,
    "opex": 9410270.951419048,
    "gross_profit": 30380460.321378145,
    "ebitda": 20970189.369959097,
    "net_income": 16566449.602267688
  },
  "balance_sheet": {
    "company": "HealthCare Analytics",
    "year": 2024,
    "assets": 53142765.21407252,
    "liabilities": 23531878.481021576,
    "equity": 29610886.733050942
  }
}