{
  "p_l": {
    "company": "NeuralNet Labs",
    "year": 2025,
    "revenue": 3283624.3300699946,
    "cogs": 10917694.274366831,
    "opex": 4962840.661564809,
    "gross_profit": -7634069.944296837,
    "ebitda": -12596910.605861645,
    "net_income": -9951559.3786307
  },
  "balance_sheet": {
    "company": "NeuralNet Labs",
    "year": 2025,
    "assets": 15487921.301037988,
    "liabilities": 24255873.461870547,
    "equity": -8767952.16083256
  }
}