{
  "p_l": {
    "company": "NeuralNet Labs",
    "year": 2024,
    "revenue": 47516403.0792674,
    "cogs": 2461760.5085137393,
    "opex": 8715069.046373192,
    "gross_profit": 45054642.57075366,
    "ebitda": 36339573.52438046,
    "net_income": 28708263.084260564
  },
  "balance_sheet": {
    "company": "NeuralNet Labs",
    "year": 2024,
    "assets": 71234670.8628704,
    "liabilities": 3545725.4439397845,
    "equity": 67688945.4189306
  }
}