{
  "p_l": {
    "company": "NeuralNet Labs",
    "year": 2026,
    "revenue": 14698263.691451313,
    "cogs": 8741585.086785318,
    "opex": 893496.3157159963,
    "gross_profit": 5956678.604665995,
    "ebitda": 5063182.288949998,
    "net_income": 3999914.008270499
  },
  "balance_sheet": {
    "company": "NeuralNet Labs",
    "year": 2026,
    "assets": 76805618.56757955,
    "liabilities": 27620088.247751866,
    "equity": 49185530.31982769
  }
}