{
  "p_l": {
    "company": "SecureShield Corp",
    "year": 2025,
    "revenue": 41645472.44103996,
    "cogs": 14699008.81636533,
    "opex": 8301996.049299798,
    "gross_profit": 26946463.624674626,
    "ebitda": 18644467.575374827,
    "net_income": 14729129.384546114
  },
  "balance_sheet": {
    "company": "SecureShield Corp",
    "year": 2025,
    "assets": 69072116.18944678,
    "liabilities": 18888819.414471515,
    "equity": 50183296.77497526
  }
}