{
  "p_l": {
    "company": "SecureShield Corp",
    "year": 2026,
    "revenue": 14166590.211030893,
    "cogs": 9521056.519373914,
    "opex": 8591812.728437953,
    "gross_profit": 4645533.691656979,
    "ebitda": -3946279.036780974,
    "net_income": -3117560.4390569697
  },
  "balance_sheet": {
    "company": "SecureShield Corp",
    "year": 2026,
    "assets": 51343388.59672534,
    "liabilities": 1246441.2585100073,
    "equity": 50096947.33821533
  }
}