{
  "p_l": {
    "company": "ServerLess Tech",
    "year": 2026,
    "revenue": 9996832.553938821,
    "cogs": 10802040.496298824,
    "opex": 7103028.833725244,
    "gross_profit": -805207.9423600025,
    "ebitda": -7908236.776085246,
    "net_income": -6247507.053107345
  },
  "balance_sheet": {
    "company": "ServerLess Tech",
    "year": 2026,
    "assets": 89455571.40790582,
    "liabilities": 7328150.197003924,
    "equity": 82127421.21090189
  }
}