{
  "p_l": {
    "company": "ServerLess Tech",
    "year": 2024,
    "revenue": 47107133.5926443,
    "cogs": 2725939.3901908128,
    "opex": 6500847.748427706,
    "gross_profit": 44381194.20245349,
    "ebitda": 37880346.45402578,
    "net_income": 29925473.69868037
  },
  "balance_sheet": {
    "company": "ServerLess Tech",
    "year": 2024,
    "assets": 54159080.30354949,
    "liabilities": 15747878.22652621,
    "equity": 38411202.07702328
  }
}