{
  "p_l": {
    "company": "SolarTech Innovations",
    "year": 2025,
    "revenue": 41088095.65660098,
    "cogs": 14196136.165484026,
    "opex": 606794.4808507798,
    "gross_profit": 26891959.491116956,
    "ebitda": 26285165.010266177,
    "net_income": 20765280.358110283
  },
  "balance_sheet": {
    "company": "SolarTech Innovations",
    "year": 2025,
    "assets": 37970333.120463364,
    "liabilities": 27563879.904064726,
    "equity": 10406453.216398638
  }
}